Page,Performance,Accessibility,Best Practices,SEO
/about/,96,100,100,100
/chapters/3d-printing/,83,100,100,100
/chapters/agricultural-technology/,79,100,100,100
/chapters/ai-patents/,76,100,100,100
/chapters/autonomous-vehicles/,83,100,96,100
/chapters/biotechnology/,74,100,100,100
/chapters/blockchain/,80,100,100,100
/chapters/cybersecurity/,75,100,100,100
/chapters/digital-health/,78,100,100,100
/chapters/geo-domestic/,71,100,100,100
/chapters/geo-international/,80,100,100,100
/chapters/green-innovation/,80,100,100,100
/chapters/inv-gender/,84,100,100,100
/chapters/inv-generalist-specialist/,81,100,100,100
/chapters/inv-serial-new/,81,100,100,100
/chapters/inv-team-size/,83,100,100,100
/chapters/inv-top-inventors/,79,100,100,100
/chapters/mech-geography/,80,100,100,100
/chapters/mech-inventors/,85,100,100,100
/chapters/mech-organizations/,73,100,100,100
/chapters/org-company-profiles/,66,100,100,100
/chapters/org-composition/,87,100,100,100
/chapters/org-patent-count/,83,100,96,100
/chapters/org-patent-portfolio/,79,100,100,100
/chapters/org-patent-quality/,76,100,100,100
/chapters/quantum-computing/,74,100,100,100
/chapters/semiconductors/,83,100,100,100
/chapters/space-technology/,65,100,100,100
/chapters/system-convergence/,89,100,100,100
/chapters/system-language/,82,100,100,100
/chapters/system-patent-count/,94,100,100,100
/chapters/system-patent-fields/,72,100,100,100
/chapters/system-patent-law/,80,100,100,100
/chapters/system-patent-quality/,78,100,100,100
/chapters/system-public-investment/,85,100,100,100
/explore/,93,100,100,100
/,87,100,100,100
/methodology/,93,100,100,100
